OBJECTID,STATEFP,COUNTYFP,COUNTYNS,GEOID,NAME,NAMELSAD,POP2000,WHITE,BLACK,AMER_ES,ASIAN,HAWN_PI,OTHER,MULT_RACE,HISPANIC,MALE,FEMALE,M_UNDER5,M5_9,M10_14,M15_17,M18_19,M20,M21,M22_24,M25_29,M30_34,M35_39,M40_44,M45_49,M50_54,M55_59,M60_61,M62_64,M65_66,M67_69,M70_74,M75_79,M80_84,M_OVER85,F_UNDER5,F5_9,F10_14,F15_17,F18_19,F20,F21,F22_24,F25_29,F30_34,F35_39,F40_44,F45_49,F50_54,F55_59,F60_61,F62_64,F65_66,F67_69,F70_74,F75_79,F80_84,F_OVER85,HOUSEHOLDS,AV_HH_SIZE,HSEHLD_1M,HSEHLD_1F,AV_FAM_SZ,HSE_UNITS,URBAN,RURAL,VACANT,OWNER_OCC,RENTER_OCC,median_hh_income2014,mean_hh_income2014,pct_income_less_poverty,adr_2005,adr_2006,adr_2007,aevr_2005,aevr_2006,aevr_2007,pm2.5_2005,pm2.5_2006,pm2.5_2007,so2_2005,so2_2006,so2_2007
69,36,1,974099,36001,Albany                                                                                              ,Albany County                                                                                       ,294565,245060,32624,605,8090,84,3102,5000,9079,140885,153680,8610,9768,9967,5883,5266,2710,2547,5866,9179,10198,10995,11050,10784,9773,6709,2134,2946,1813,2758,4512,3576,2324,1517,8039,9176,9465,5569,5509,2750,2599,6137,9544,10500,11651,11817,11358,10286,7344,2474,3368,2221,3466,6013,5550,4376,4468,120512,2,16703,23073,3,129972,117719,12253,9460,69534,50978,59940,78285,13.6,13.28,12.63,11.95,65.72,68.16,64.6,11.7,8.98,9.69,6.91,6.04,4.39
34,36,3,974100,36003,Allegany                                                                                            ,Allegany County                                                                                     ,49927,48444,361,139,358,2,183,440,454,24942,24985,1412,1710,1998,1137,1623,886,632,1002,1189,1287,1667,1785,1704,1562,1202,434,632,394,546,863,572,402,303,1386,1557,1868,1126,1364,709,573,935,1181,1383,1664,1786,1701,1538,1229,431,634,377,628,940,724,630,621,18009,3,2092,2599,3,24505,3612,20893,6496,13298,4711,42726,53827,17,13.06,8.91,10.8,34.36,28.36,36.68,12.04,9.28,9.84,10.64,8.8,9.23
26,36,5,974101,36005,Bronx                                                                                               ,Bronx County                                                                                        ,1332650,398003,475007,11371,40120,1383,329724,77042,644705,620171,712479,55807,61021,54992,30653,20875,10013,9680,28029,46600,49945,49344,43079,35911,31075,24275,8659,11401,6625,9013,12731,9646,5827,4970,53925,58746,52824,29404,20276,10522,10403,31705,54803,57110,57157,50741,43128,38596,31690,11207,15106,9220,13214,20020,16981,12182,13519,463212,3,53696,73106,3,490659,490659,0,27447,90687,372525,34284,49661,30.5,62.64,64.16,64.16,237.17,267.27,262.73,13.94,12.2,12.91,16.04,14.65,12.51
76,36,7,974102,36007,Broome                                                                                              ,Broome County                                                                                       ,200536,183153,6575,384,5585,53,1593,3193,3986,96733,103803,5747,6598,7244,4032,3722,1933,1721,3680,5239,5959,7508,8009,7026,6299,4755,1695,2450,1585,2106,3503,2812,1790,1320,5524,6363,6752,3835,3917,1948,1785,3449,5377,6165,7599,7933,7034,6563,5278,1784,2782,1749,2575,4555,4318,3262,3256,80749,2,10424,14594,3,88817,67081,21736,8068,52566,28183,46368,60688,17.8,7.48,9.16,8.91,47.59,47.98,45.25,11.6,8.67,9.79,5.48,5.2,4.85
28,36,9,974103,36009,Cattaraugus                                                                                         ,Cattaraugus County                                                                                  ,83955,79444,890,2181,386,16,191,847,791,41107,42848,2639,2993,3455,2224,1363,638,568,1270,2191,2501,2967,3375,3138,2787,2120,728,1067,641,905,1422,1084,642,389,2542,2806,3277,2027,1371,666,556,1358,2234,2527,3082,3355,3179,2675,2182,769,1048,713,1111,1660,1492,1113,1105,32023,3,3814,4777,3,39839,15131,24708,7816,23825,8198,43503,55277,17.7,11.82,10.7,7.77,43.88,46.35,55.39,12.62,9.66,10.26,11.46,9.3,9.53
7,36,11,974104,36011,Cayuga                                                                                              ,Cayuga County                                                                                       ,81963,76501,3272,256,348,20,718,848,1611,41430,40533,2473,2802,3245,1935,1121,557,438,1473,2661,3199,3677,3568,3174,2695,2052,666,897,561,802,1269,1088,647,430,2356,2753,3037,1962,1065,475,418,1142,2087,2617,3163,3371,2966,2544,1893,697,975,606,944,1624,1548,1196,1094,30558,3,3340,4677,3,35477,16271,19206,4919,22031,8527,51792,62824,12.4,12.33,8.9,7.57,43.77,39.81,39.32,11.47,8.51,9.37,7.28,6.34,6.72
20,36,13,974105,36013,Chautauqua                                                                                          ,Chautauqua County                                                                                   ,139750,131416,3051,598,502,40,2418,1725,5901,68143,71607,4161,4878,5247,3245,2481,1228,1061,2482,3706,4178,5042,5415,5196,4401,3462,1234,1633,1014,1573,2527,1886,1191,902,3921,4594,5021,3164,2470,1241,1061,2314,3703,4141,5116,5417,5027,4422,3647,1235,1834,1137,1850,3087,2784,2184,2237,54515,2,6469,8862,3,64900,37807,27093,10385,37750,16765,42720,53971,19.4,12.93,11.21,9.74,71.54,62.22,55.65,11.94,8.81,10.01,11.48,9.24,9.26
37,36,15,974106,36015,Chemung                                                                                             ,Chemung County                                                                                      ,91070,82840,5303,210,709,16,681,1311,1609,45000,46070,2838,3138,3381,2046,1263,621,562,1661,2758,3277,3634,3774,3407,2995,2161,781,1054,668,920,1554,1295,775,437,2610,2978,3267,1952,1266,643,573,1409,2391,2770,3459,3682,3365,2931,2326,769,1106,794,1102,2056,1923,1417,1281,35049,2,3885,5891,3,37745,28303,9442,2696,24149,10900,49685,64707,16,15.19,13.64,13.2,88.23,83.4,75.7,11.46,8.52,9.64,7.08,6.45,6.55
24,36,17,974107,36017,Chenango                                                                                            ,Chenango County                                                                                     ,51401,50191,422,141,146,11,112,378,548,25309,26092,1551,1858,2108,1336,653,253,241,715,1315,1595,2062,2109,1846,1759,1482,469,678,394,556,890,707,416,316,1503,1890,2029,1186,600,239,220,689,1322,1624,2031,2060,1864,1775,1451,501,733,422,614,992,929,727,691,19926,3,2223,2971,3,23890,4098,19792,3964,15005,4921,44427,55265,16.4,6.65,8.37,8.16,43.59,46.9,49.94,11.65,8.53,9.84,6.9,6.1,4.94
2,36,19,974108,36019,Clinton                                                                                             ,Clinton County                                                                                      ,79894,74562,2863,291,537,17,878,746,1964,40907,38987,2088,2619,2965,1774,1398,851,842,2064,2808,3234,3790,3513,2992,2549,1946,665,926,585,791,1103,750,367,287,2014,2540,2717,1631,1597,902,789,1501,2166,2533,3235,3144,2719,2417,1846,675,961,625,905,1389,1083,795,803,29423,2,3327,4411,3,33091,12161,20930,3668,20157,9266,50985,64485,15.2,21.04,12.36,14.66,105.55,103.94,108.77,8.45,6.04,6.94,3.2,2.4,4.18
41,36,21,974109,36021,Columbia                                                                                            ,Columbia County                                                                                     ,63094,58105,2850,132,507,20,568,912,1598,31394,31700,1719,2114,2455,1723,774,301,298,778,1514,1978,2482,2547,2491,2340,1930,616,845,544,794,1228,912,604,407,1638,2074,2228,1233,631,244,253,748,1517,1970,2439,2501,2435,2391,1991,679,864,583,815,1300,1250,921,995,24796,2,2870,3838,3,30207,7923,22284,5411,17504,7292,58625,78941,10.4,7.53,5.83,6.15,44.89,43.2,45.72,11.82,9.2,10.01,7.6,6.24,5.39
65,36,23,974110,36023,Cortland                                                                                            ,Cortland County                                                                                     ,48599,47115,416,133,201,5,154,575,565,23479,25120,1518,1584,1774,1032,1147,606,612,1118,1310,1551,1740,1789,1670,1460,1164,392,532,302,435,646,567,307,223,1348,1644,1615,991,1475,752,715,1132,1330,1562,1810,1809,1660,1542,1206,411,542,320,511,799,797,585,564,18210,3,2024,2803,3,20116,11123,8993,1906,11714,6496,48404,61284,13.5,8.11,7.48,6.65,7.5,10.52,33.05,11.35,8.48,9.5,5.57,5.19,5.12
46,36,25,974111,36025,Delaware                                                                                            ,Delaware County                                                                                     ,48055,46346,568,149,257,6,254,475,983,23660,24395,1246,1493,1834,1191,828,358,233,634,1033,1288,1644,1717,1738,1746,1534,502,750,488,683,1088,821,480,331,1223,1473,1613,1011,740,284,252,611,1042,1367,1643,1794,1767,1687,1482,570,799,483,722,1204,1020,771,837,19270,2,2398,3054,3,28952,3504,25448,9682,14596,4674,44183,56099,13.5,11.78,11.39,10.53,32.87,32.32,27.86,11.19,8.91,9.5,7.58,6.15,5.09
49,36,27,974112,36027,Dutchess                                                                                            ,Dutchess County                                                                                     ,280150,234385,26097,609,7048,88,6626,5297,18060,140127,140023,8988,10434,10677,6025,4645,2283,1987,4828,7838,10243,12903,12642,10654,9403,7103,2261,3108,1961,2776,3809,2771,1656,1132,8475,9976,10125,5568,4417,2167,1944,4195,7193,9789,12093,12027,10374,9276,7218,2406,3195,2043,3013,4725,3991,2862,2951,99536,3,10712,13769,3,106103,74553,31550,6567,68636,30900,72471,90923,8.8,11.11,10.89,12.33,46.41,54.32,54.69,11.95,9.47,10.37,10.05,7.5,7.79
25,36,29,974113,36029,Erie                                                                                                ,Erie County                                                                                         ,950265,780942,123529,5755,13835,223,13499,12482,31054,454411,495854,29467,33684,34884,19977,12938,6258,5808,16647,27124,31633,35846,37681,33699,29316,22443,7310,10319,6829,10003,16626,13041,7992,4886,28370,32256,32897,19015,12289,6289,5876,16563,27911,32500,37062,39909,35635,31412,24967,8458,12564,8242,12525,21982,20496,14997,13639,380873,2,47196,69113,3,415868,383407,32461,34995,248767,132106,51050,67277,14.7,13.92,13.46,11.75,57.63,56.42,53.08,13.86,10.54,11.13,11.7,9.27,9.8
35,36,31,974114,36031,Essex                                                                                               ,Essex County                                                                                        ,38851,36848,1092,122,160,26,267,336,851,20141,18710,991,1213,1444,875,435,158,217,710,1369,1623,1778,1757,1613,1352,1095,375,504,354,497,734,495,337,215,966,1149,1409,811,366,137,142,507,945,1144,1446,1501,1364,1252,1058,366,552,343,543,847,746,552,564,15028,2,1833,2422,3,23115,4288,18827,8087,11089,3939,50322,64341,11.4,6.1,7.34,6.35,38.66,54.19,59.69,8.56,6.21,7.13,3.66,3.05,3.21
18,36,33,974115,36033,Franklin                                                                                            ,Franklin County                                                                                     ,51134,42970,3389,3171,194,0,1056,354,2053,28067,23067,1323,1671,1868,1145,863,419,415,1402,2328,2697,2833,2585,1959,1713,1243,385,545,359,518,709,529,336,222,1199,1550,1821,1068,637,269,224,622,1238,1533,1817,1925,1668,1475,1162,396,582,374,558,935,825,588,601,17931,2,2173,2875,3,23936,7409,16527,6005,12638,5293,47110,58932,19.7,8.97,7.96,8.88,69.84,56.49,60.45,8.63,6.09,7.04,3.67,2.82,4.88
30,36,35,974116,36035,Fulton                                                                                              ,Fulton County                                                                                       ,55073,52863,992,105,293,9,308,503,884,27130,27943,1633,1972,2048,1465,710,328,261,787,1581,1862,2206,2189,1984,1919,1426,467,639,430,597,926,823,525,352,1496,1850,1928,1296,563,291,258,742,1516,1822,2126,2171,2021,1861,1498,476,701,428,717,1242,1155,890,895,21884,2,2507,3552,3,27787,12744,15043,5903,15776,6108,45722,58147,16.2,19.35,20.97,10.06,20.98,19.16,70.46,10.76,8.16,8.98,4.5,3.66,3.22
66,36,37,974117,36037,Genesee                                                                                             ,Genesee County                                                                                      ,60370,57167,1284,470,292,14,430,713,904,29717,30653,1869,2220,2378,1497,841,328,304,914,1694,2100,2524,2662,2211,1889,1532,461,718,420,626,930,804,493,302,1785,2221,2397,1363,746,290,260,836,1622,2128,2576,2530,2127,1884,1547,527,728,454,663,1189,1103,878,799,22770,3,2319,3318,3,24190,10382,13808,1420,16611,6159,50573,63416,12.6,14.98,12.85,10.18,53.27,43.23,35.04,12.81,10.03,10.3,11.68,9.66,9.96
64,36,39,974118,36039,Greene                                                                                              ,Greene County                                                                                       ,48195,43740,2664,135,260,8,734,654,2075,24858,23337,1300,1613,1706,959,1060,705,528,898,1317,1557,1875,2007,1814,1617,1414,473,695,408,591,975,629,429,288,1317,1563,1702,932,436,176,190,590,1175,1445,1766,1876,1688,1728,1400,468,661,419,625,1010,858,674,638,18256,2,2316,2778,3,26544,5347,21197,8288,13171,5085,49864,65390,13.9,10.38,9.49,7.47,41.92,46.45,42.8,11.65,9.11,9.81,6.82,5.6,5.11
71,36,41,974119,36041,Hamilton                                                                                            ,Hamilton County                                                                                     ,5379,5257,24,14,8,3,36,37,57,2689,2690,130,120,160,125,59,26,20,47,114,145,183,197,239,201,224,74,102,82,92,135,103,69,42,101,164,142,117,47,12,18,53,139,128,176,219,221,220,203,65,112,52,91,145,123,81,61,2362,2,336,362,3,7965,0,7965,5603,1872,490,52939,63710,9.5,9.82,8.02,8.05,5.89,10.03,12.07,9.97,7.24,8.14,4.03,3.05,3.06
54,36,43,974120,36043,Herkimer                                                                                            ,Herkimer County                                                                                     ,64427,63031,329,139,263,11,113,541,580,31248,33179,1831,2226,2343,1532,1001,458,387,930,1695,1914,2397,2429,2317,2164,1719,577,864,462,712,1154,993,717,426,1760,2219,2357,1424,937,376,329,927,1724,1962,2466,2525,2386,2169,1742,656,840,531,820,1415,1461,1136,1017,25734,2,2963,4143,3,32026,14475,17551,6292,18316,7418,45649,56640,15.9,9.64,10.78,7.77,33.44,29.05,32.48,10.5,7.75,8.7,4,3.4,3.25
70,36,45,974121,36045,Jefferson                                                                                           ,Jefferson County                                                                                    ,111738,99118,6517,589,1027,156,2296,2035,4677,57846,53892,4139,4338,4208,2409,1937,1361,1338,3398,4952,4669,4984,4267,3547,3129,2285,711,1064,672,907,1376,1117,623,415,4060,4066,3981,2373,1468,759,791,2164,3711,3942,4397,4072,3386,2982,2349,757,1117,692,1058,1827,1612,1121,1207,40068,3,4246,5529,3,54070,20947,33123,14002,23906,16162,48613,60174,15,8.64,7.57,6.08,49.79,46.46,39.54,10.37,7.86,8.35,5.75,5.15,5.56
74,36,47,974122,36047,Kings                                                                                               ,Kings County                                                                                        ,2465326,1015728,898350,10117,185818,1465,248557,105291,487878,1156446,1308880,93424,96744,93354,54630,35731,17745,17399,53802,93477,91186,89121,83619,74239,66050,46737,17781,23812,14105,18999,28669,22200,13279,10343,89175,92933,89512,52727,34193,17434,17533,59304,103950,101101,100550,95310,87007,79904,59263,22736,31185,18563,26172,43157,36836,25171,25164,880727,3,99681,145462,3,930866,930866,0,50139,238367,642360,46958,69599,23.4,33.11,32.98,30.37,123.53,121.08,124.33,14.42,12.28,13.29,15.28,13.93,13.27
50,36,49,974123,36049,Lewis                                                                                               ,Lewis County                                                                                        ,26944,26451,106,76,63,14,76,158,172,13379,13565,844,985,1197,748,377,155,132,394,731,827,1133,1127,1042,826,676,248,321,222,298,454,327,183,132,811,999,1170,740,335,127,142,416,737,836,1074,1123,980,757,686,207,331,227,346,517,388,305,311,10040,3,1008,1261,3,15134,1543,13591,5094,7749,2291,46990,59166,13.3,6.72,7.78,5.91,53.41,51.48,45.78,10.25,7.61,8.33,5.24,4.28,4.46
60,36,51,974124,36051,Livingston                                                                                          ,Livingston County                                                                                   ,64328,60494,1938,172,492,20,545,667,1459,32269,32059,1809,2124,2348,1483,1353,652,730,1375,1926,2278,2884,2866,2515,2114,1570,477,662,421,577,880,588,394,243,1696,2013,2204,1386,1919,1017,932,1126,1534,1952,2555,2591,2286,2013,1441,505,664,461,646,919,878,644,677,22150,3,2199,2915,3,24023,11107,12916,1873,16510,5640,52200,62604,14.7,7.5,7.65,7.79,40.72,40.55,41.09,11.94,9.39,9.58,10.13,8.68,9.48
15,36,53,974125,36053,Madison                                                                                             ,Madison County                                                                                      ,69441,67006,916,358,387,10,184,580,734,34074,35367,2102,2427,2633,1676,1675,807,576,1069,1680,2274,2709,2829,2519,2184,1836,576,807,474,673,997,759,497,295,2002,2309,2594,1564,1826,735,625,1000,1745,2271,2784,2879,2545,2233,1900,601,788,515,733,1207,1005,773,733,25368,3,2660,3557,3,28646,11690,16956,3278,19016,6352,53584,67771,11.2,8.4,9.72,7.84,49.39,46.22,40.99,11.18,8.32,9.39,5.51,4.71,4.84
44,36,55,974126,36055,Monroe                                                                                              ,Monroe County                                                                                       ,735343,581961,101078,1950,17922,220,17925,14287,39065,354327,381016,24037,27849,28569,15916,11616,5574,5168,13328,22170,25188,28381,28945,26153,23294,17439,5374,7233,4391,6345,9938,8340,5352,3727,22940,26812,27156,14977,10471,5082,4940,13495,23222,26900,30402,30565,28196,25085,18819,6047,8221,5061,7682,13051,12344,9640,9908,286512,2,34467,47575,3,304388,285725,18663,17876,186426,100086,52501,70767,15.4,11.36,11.09,10.55,56.1,56.76,55.12,12.42,9.57,9.95,10.21,9.28,9.68
38,36,57,974127,36057,Montgomery                                                                                          ,Montgomery County                                                                                   ,49708,47160,572,124,263,6,952,631,3433,23736,25972,1476,1721,1879,1099,567,234,283,695,1333,1542,1766,1793,1887,1602,1247,364,545,339,522,981,858,591,412,1464,1670,1746,1109,566,234,262,730,1350,1561,1820,1908,1781,1608,1277,405,647,419,733,1228,1326,1062,1066,20038,2,2405,3513,3,22522,14234,8288,2484,13481,6557,44167,58106,19.1,12.32,12.87,11.45,66.86,67.37,75.51,10.99,8.43,9.17,4.83,4.15,3.66
6,36,59,974128,36059,Nassau                                                                                              ,Nassau County                                                                                       ,1334544,1058285,134673,2112,63140,400,47638,28296,133282,642317,692227,44165,49248,48066,27299,15638,7274,6746,21225,35243,44296,53389,54315,49366,44788,32783,10890,14968,9450,13994,23120,18666,10876,6512,42463,46944,45375,25519,14206,6580,6500,19873,35505,47524,57400,57966,52653,48180,37090,12600,17626,11410,17494,30493,25821,17308,15697,447387,3,29623,54657,3,458151,457263,888,10764,359264,88123,98401,128206,6.3,14.92,14.26,13.57,38.35,38.41,41.19,12.35,10.79,11.18,13.09,10.21,12.11
61,36,61,974129,36061,New York                                                                                            ,New York County                                                                                     ,1537195,835610,267302,7617,144538,1069,217383,63676,417816,729534,807661,38994,37164,35179,19839,17179,9485,9320,36314,79447,81953,71510,59285,51450,45274,35190,12439,16462,9930,13571,19932,14258,8373,6986,37054,36194,34109,19383,18785,11052,10436,44067,88116,81636,67282,59149,55420,53597,42869,15091,19695,12081,16776,26738,23113,16417,18601,738644,2,156022,198314,3,798144,798144,0,59500,148732,589912,71656,132838,17.7,26.09,27.25,25.27,135.63,130.72,32.4,15.41,13.15,14.55,16.35,16.25,12.88
17,36,63,974130,36063,Niagara                                                                                             ,Niagara County                                                                                      ,219846,199404,13520,2069,1267,51,876,2659,2913,106122,113724,6850,7862,8368,4814,3076,1401,1325,3326,5810,6949,8574,9227,8242,7061,5271,1771,2452,1560,2357,3816,3017,1888,1105,6315,7421,7895,4712,3157,1469,1360,3466,6046,7417,8980,9427,8189,7263,5705,1953,2808,1813,2828,4862,4475,3262,2901,87846,2,10728,14353,3,95715,74425,21290,7869,61397,26449,49091,63175,13.6,12.96,13.65,11.54,55.12,54.92,55.38,13.55,10.41,10.76,11.75,9.58,9.9
77,36,65,974131,36065,Oneida                                                                                              ,Oneida County                                                                                       ,235469,212414,13521,549,2722,55,2625,3583,7545,116913,118556,6844,8060,8744,5350,3441,1577,1540,4202,7163,8577,9767,9502,8550,7577,5790,1947,2820,1689,2450,4084,3545,2245,1449,6504,7727,8168,4847,3106,1554,1429,3427,6225,7532,8629,8899,8236,7773,6122,2071,3016,1873,2989,5190,5264,3988,3987,90496,2,10929,15802,3,102803,66922,35881,12307,60810,29686,48931,63439,16.5,16.65,16.78,14.07,50.45,51.23,48.23,10.81,8.07,9.02,4.26,3.71,3.99
55,36,67,974132,36067,Onondaga                                                                                            ,Onondaga County                                                                                     ,458336,388555,43011,3945,9569,147,4076,9033,11175,219195,239141,15282,17270,17610,10026,6770,3398,3079,7925,12886,15387,17573,18182,16386,13881,10282,3281,4651,2971,4504,6834,5564,3380,2073,14635,16716,16871,9671,7165,3519,3307,8467,14016,16199,19012,18900,17309,14959,11383,3752,5292,3467,5363,9028,8307,6110,5693,181153,2,21800,31425,3,196633,172259,24374,15480,116810,64343,54498,71456,15.2,8.79,9.18,7.24,47.06,46.08,42.73,11.55,8.41,9.75,8.37,6.43,6.14
67,36,69,974133,36069,Ontario                                                                                             ,Ontario County                                                                                      ,100224,95256,2068,223,691,20,703,1263,2149,48983,51241,3116,3703,3942,2265,1389,671,654,1419,2563,3212,4013,4180,3958,3646,2677,843,1197,685,988,1470,1186,710,496,2929,3644,3757,2119,1390,709,639,1427,2555,3313,4308,4301,3976,3691,2729,888,1201,723,1052,1725,1686,1286,1193,38370,3,4007,5459,3,42647,21513,21134,4277,28225,10145,57318,73918,10.4,8.44,5.83,7.41,54.29,48.07,43.81,11.64,9.01,9.39,9.97,8.66,8.92
73,36,71,974134,36071,Orange                                                                                              ,Orange County                                                                                       ,341367,285721,27601,1205,5157,123,13962,7598,39738,170965,170402,13439,14886,14796,8256,5554,2684,2483,5913,9505,12054,14887,14979,12580,11145,8043,2504,3170,1861,2668,3691,2899,1661,1307,12531,13860,13803,7585,4159,2005,1815,5038,9423,12437,14829,14404,12597,10899,8057,2491,3371,2109,2948,4979,4415,3319,3328,114788,3,10507,14117,3,122754,92835,29919,7966,76959,37829,70794,88441,12.6,15.55,15.7,13.54,64.58,72.01,68.04,12.42,10.47,10.96,11.23,8.73,9.74
39,36,73,974135,36073,Orleans                                                                                             ,Orleans County                                                                                      ,44171,39367,3230,203,142,12,682,535,1719,21891,22280,1456,1679,1766,1088,666,256,230,742,1372,1610,1984,1909,1561,1390,1052,349,473,316,410,562,500,327,193,1291,1496,1744,1039,561,246,217,700,1289,1717,2000,1955,1532,1383,1073,372,501,317,425,716,671,521,514,15363,3,1638,2009,3,17347,7117,10230,1984,11621,3742,48015,57666,15.5,8.74,9.21,9,40.25,43.76,33.22,12.82,10.02,10.29,11.68,9.67,10.25
23,36,75,974136,36075,Oswego                                                                                              ,Oswego County                                                                                       ,122377,118918,717,498,508,17,582,1137,1592,60402,61975,3864,4844,5122,3053,2063,1093,1096,2373,3310,4077,5118,5097,4435,3936,2898,948,1289,828,1099,1550,1189,710,410,3721,4581,4809,2754,2192,1166,1134,2243,3420,4261,5157,4942,4356,3819,3063,966,1302,783,1168,1944,1768,1275,1151,45522,3,4995,6068,3,52831,18465,34366,7309,33122,12400,47646,60820,18.5,8.89,8.25,7.2,36.2,39.07,35.1,11.07,8.25,9.09,5.89,5.08,5.62
75,36,77,974137,36077,Otsego                                                                                              ,Otsego County                                                                                       ,61676,59083,1079,141,390,31,306,646,1171,29737,31939,1502,1986,2196,1456,1425,694,729,1354,1428,1707,1920,2205,2181,2077,1649,527,773,425,696,1048,864,536,359,1443,1839,2163,1390,1747,987,766,1198,1469,1695,2180,2372,2306,2009,1744,561,719,479,731,1275,1146,856,864,23291,2,2655,3622,3,28481,5753,22728,5190,17010,6281,47884,61290,16.4,11.42,11.58,10.97,28.7,31.57,31.31,11,8.57,9.28,7.37,5.92,4.08
11,36,79,974138,36079,Putnam                                                                                              ,Putnam County                                                                                       ,95745,89876,1562,137,1190,24,1596,1360,5976,47748,47997,3338,3831,3772,2100,1016,499,462,1375,2414,3484,4587,4710,4130,3550,2629,879,1020,570,793,1093,749,437,310,3283,3641,3503,1906,791,349,354,1158,2367,3649,4931,4591,4157,3530,2683,814,1095,580,881,1269,992,733,740,32703,3,2625,3282,3,35030,26072,8958,2327,26885,5818,96262,116931,5.6,8.84,7.45,8.35,32.44,21.17,25.94,12.24,10.01,10.84,10.79,7.09,9.52
19,36,81,974139,36081,Queens                                                                                              ,Queens County                                                                                       ,2229379,982725,446189,11077,391500,1331,260387,136170,556605,1073568,1155811,73081,74303,70583,42551,28635,14913,15062,49970,92634,95355,94666,86157,72918,63371,48102,17588,23541,14095,19136,28964,23031,14283,10629,69635,71043,68060,39968,26538,14248,14448,49984,92251,94940,94293,88343,78599,72613,57553,21420,28971,17627,25522,42128,36759,25533,25335,782664,3,80461,119550,3,817250,817250,0,34586,334815,447849,57210,74140,15.3,20.95,21.32,20.67,72.92,81.13,73.35,13.04,11.81,11.67,15.18,12.78,12.83
14,36,83,974140,36083,Rensselaer                                                                                          ,Rensselaer County                                                                                   ,152538,139002,7147,347,2606,31,1360,2045,3225,74691,77847,4662,5282,5646,3209,3134,1415,1222,2790,4501,5187,5891,6138,5705,5119,3630,1155,1597,980,1510,2278,1816,1110,714,4610,5078,5374,3111,2157,1098,978,2654,4721,5300,6322,6356,5627,5205,3895,1301,1786,1141,1780,2896,2595,1959,1903,59894,2,7303,9436,3,66120,45963,20157,6226,38872,21022,60140,74105,13,16.21,15.89,13.21,55.22,59.82,58.71,11.63,8.91,9.66,6.32,4.9,4.67
48,36,85,974141,36085,Richmond                                                                                            ,Richmond County                                                                                     ,443728,344319,42914,1107,25071,182,18355,11780,53550,214485,229243,15329,16923,16474,9580,5612,2735,2699,8187,14544,16680,17996,17836,15575,14548,11154,3629,4626,2707,3972,5624,4004,2384,1667,14454,16044,15729,8725,5357,2648,2534,8160,14837,17456,18982,18860,16871,16239,12272,3863,5137,3195,4644,7664,6393,4690,4489,156341,3,15116,21216,3,163993,163993,0,7652,99695,56646,74043,90681,12.3,16.67,16.98,16.82,70.52,72.36,66.42,13.37,11.37,11.93,14.58,12.68,13.4
43,36,87,974142,36087,Rockland                                                                                            ,Rockland County                                                                                     ,286753,220538,31472,676,15826,205,10838,7198,29182,139901,146852,11144,11781,11808,6646,3717,1688,1563,4920,7853,9383,11178,10979,9914,9623,7646,2525,3557,2034,2880,3985,2627,1407,1043,10663,11059,10957,6228,3336,1491,1400,4561,7731,10016,11608,11479,10583,10745,8535,2772,3811,2296,3298,4799,3700,2650,3134,92675,3,6747,11096,3,94973,94083,890,2298,66424,26251,85808,109174,14.1,9.21,11.69,9.12,37.69,36.17,34.01,13.29,11.35,12.03,12.23,10.16,11.37
79,36,91,974143,36091,Saratoga                                                                                            ,Saratoga County                                                                                     ,200635,192579,2725,361,2077,44,846,2003,2834,98879,101756,6637,7360,7454,4318,2564,1274,1129,3102,6008,7760,8895,8648,7650,7245,5362,1681,2065,1217,1812,2708,2030,1238,722,6358,7002,7098,4021,2374,1010,1166,2955,6068,7935,9054,8832,7999,7285,5544,1626,2172,1391,1983,3174,2885,2024,1800,78165,3,8321,10814,3,86701,58163,28538,8536,56316,21849,44454,58928,19.7,17.38,16.58,12.1,74.1,67.59,61.48,10.96,8.31,9.13,4.28,4.07,3.57
13,36,93,974144,36093,Schenectady                                                                                         ,Schenectady County                                                                                  ,146555,128631,9953,341,2888,43,1769,2930,4639,70479,76076,4687,5301,5447,3050,1788,954,899,2140,3877,4762,5705,5794,5377,4769,3627,1084,1498,945,1548,2550,2131,1516,1030,4314,5032,5036,2795,1789,933,842,2235,4085,4971,5999,6026,5518,4942,3906,1235,1740,1172,1837,3324,3244,2593,2508,59684,2,7470,10781,3,65032,59808,5224,5348,39023,20661,70581,87334,6.8,7.56,8.11,7.37,31.41,29.07,27.53,11.35,8.69,9.41,5.02,4.99,4.03
16,36,95,974145,36095,Schoharie                                                                                           ,Schoharie County                                                                                    ,31582,30514,403,96,120,7,149,293,588,15713,15869,899,1023,1144,772,796,345,215,436,803,944,1160,1217,1192,1123,865,272,416,287,388,562,432,251,171,858,1052,1118,703,743,231,146,421,739,994,1162,1261,1203,1090,859,280,403,255,380,613,558,384,416,11991,2,1407,1686,3,15915,2042,13873,3924,9015,2976,57025,71184,12.8,16.58,13.84,11.69,72.84,68.13,62.52,11.25,8.76,9.42,4.89,4.22,4.14
52,36,97,974146,36097,Schuyler                                                                                            ,Schuyler County                                                                                     ,19224,18548,279,77,56,5,69,190,235,9634,9590,572,732,773,505,375,157,106,243,463,613,704,738,747,714,547,185,262,181,225,307,242,151,92,549,632,676,434,198,97,96,254,483,595,753,770,758,696,536,175,271,192,234,321,336,281,253,7374,3,763,980,3,9181,1769,7412,1807,5685,1689,51873,64152,12.9,6.76,6.74,7.9,46.11,41.95,19.46,11.06,8.43,9.1,9.12,7.4,7.93
47,36,99,974147,36099,Seneca                                                                                              ,Seneca County                                                                                       ,33342,31682,758,83,227,5,222,365,659,16679,16663,912,1231,1302,733,377,196,206,646,1060,1185,1305,1392,1300,1068,877,310,397,268,416,584,441,284,189,945,1156,1236,758,305,158,129,472,981,1085,1255,1331,1231,1145,886,288,434,257,407,715,627,434,428,12630,3,1345,1845,3,14794,6300,8494,2164,9320,3310,49225,58511,13.4,8.47,13.33,6.95,76.27,61.86,53.46,11.44,8.6,9.31,7.4,6.59,7.81
27,36,89,977309,36089,St. Lawrence                                                                                        ,St. Lawrence County                                                                                 ,111931,105782,2664,977,800,32,773,903,2008,56861,55070,3086,3741,4106,2628,2772,1461,1531,2736,3470,3850,4485,4360,4164,3528,2723,918,1313,776,1090,1728,1214,726,455,2979,3509,3834,2338,2663,1205,1153,1907,2976,3385,4014,4111,3912,3394,2710,964,1462,862,1338,2114,1797,1171,1272,40506,2,4491,6248,3,49721,16085,33636,9215,28606,11900,48932,60595,13,6.54,6.25,5.36,33.54,38.61,40.22,9.37,6.74,7.22,5.05,4.11,5.9
3,36,101,974148,36101,Steuben                                                                                             ,Steuben County                                                                                      ,98726,95198,1347,266,893,16,208,798,796,48365,50361,3050,3631,4039,2416,1280,535,496,1373,2525,3073,3721,3880,3781,3352,2620,906,1305,782,1126,1734,1317,858,565,3018,3577,3767,2201,1224,509,487,1437,2768,3123,3815,3912,3774,3342,2604,941,1273,834,1277,2062,1831,1340,1245,39071,2,4525,6121,3,46132,17311,28821,7061,28590,10481,47733,61179,15.9,13.15,13.71,8.73,52.8,51.99,47.59,10.97,8.57,9.02,10.11,8.16,8.8
80,36,103,974149,36103,Suffolk                                                                                             ,Suffolk County                                                                                      ,1419369,1200755,98553,3807,34711,484,51875,29184,149411,695010,724359,51349,56447,53266,28969,16971,8205,7844,23040,41522,53849,64075,60781,50216,45773,35867,11824,15584,9492,13418,19400,13912,7934,5272,48955,53243,50664,27188,15430,7702,7130,21744,41638,54686,65789,60955,51879,49725,39668,12841,16992,10582,15359,23655,19519,14285,14730,469299,3,34429,51564,3,522323,481604,40719,53024,374360,94939,88323,109783,6.8,13.61,13.91,12.76,53.52,53.06,51.12,11.43,9.64,10.15,11.74,9,9.23
56,36,105,974150,36105,Sullivan                                                                                            ,Sullivan County                                                                                     ,73966,63103,6292,197,825,29,2139,1381,6839,37643,36323,2241,2596,2891,1772,979,455,387,1018,1909,2614,3128,3211,2912,2707,2188,788,1005,604,902,1410,1002,587,337,2114,2537,2685,1616,836,386,369,959,1732,2392,2911,2871,2678,2631,2154,712,998,632,847,1461,1221,812,769,27661,3,3647,4080,3,44730,9950,34780,17069,18834,8827,49388,63971,18,23.31,14.63,13.72,73.59,72.12,61.55,11.96,9.58,10.35,10.63,8.21,7.27
4,36,107,974151,36107,Tioga                                                                                               ,Tioga County                                                                                        ,51784,50501,282,112,296,7,108,478,509,25576,26208,1680,1979,2241,1379,692,267,225,710,1245,1570,2085,2432,1935,1672,1413,433,673,410,590,852,569,327,197,1582,1838,2082,1226,566,233,207,725,1249,1646,2297,2402,1912,1780,1398,450,775,435,636,899,797,505,568,19725,3,1895,2527,3,21410,7608,13802,1685,15343,4382,56167,71107,9.5,2.52,2.72,3.68,15.5,15.91,9.5,10.99,8.58,9.07,5.6,5.44,5.48
57,36,109,974152,36109,Tompkins                                                                                            ,Tompkins County                                                                                     ,96501,82507,3508,275,6943,36,1052,2180,2968,47667,48834,2161,2667,2803,1904,4353,2585,2395,3447,3547,3040,2967,3001,3054,2808,1863,587,754,435,701,976,779,527,313,2124,2409,2541,1687,4451,2351,2472,3000,3304,3024,3112,3255,3328,2838,2043,527,842,510,762,1253,1184,878,939,36420,2,5305,6521,3,38625,21645,16980,2205,19574,16846,52836,72701,20.6,4.53,4.32,5.1,28.26,27.6,24.92,11.31,8.44,9.33,6.61,5.84,6.36
36,36,111,974153,36111,Ulster                                                                                              ,Ulster County                                                                                       ,177749,158042,9646,472,2199,51,3826,3513,10941,88460,89289,5085,6127,6477,3941,2299,1165,1147,3191,5173,6358,7896,7944,7069,6333,4809,1492,2066,1230,1857,2786,2039,1164,812,4673,6000,6133,3335,2495,1132,1235,2865,4658,5875,7454,7473,7087,6472,4904,1560,2115,1346,2069,3308,2878,2049,2173,67499,2,8272,10560,3,77656,37219,40437,10157,45906,21593,58592,77548,12.3,11.07,11.05,10.67,51.52,53.76,47.31,11.83,9.4,10.19,9.71,7.09,6.81
68,36,113,974154,36113,Warren                                                                                              ,Warren County                                                                                       ,63303,61705,395,130,347,7,145,574,663,30701,32602,1777,2202,2439,1361,851,368,319,912,1596,2094,2522,2496,2436,2250,1799,551,776,490,733,1111,821,464,333,1654,2157,2261,1341,799,340,295,890,1718,2167,2651,2638,2428,2279,1889,594,858,531,850,1412,1221,772,857,25726,2,2948,4072,3,34852,16844,18008,9126,17952,7774,56601,71229,11.9,11.96,14.34,11.41,41.56,50.95,50.05,9.8,7.4,8.07,4.01,3.45,3.14
58,36,115,974155,36115,Washington                                                                                          ,Washington County                                                                                   ,61042,57973,1785,125,172,9,510,468,1232,31301,29741,1745,2172,2481,1394,954,519,483,1073,1964,2405,2643,2539,2374,2017,1631,557,760,459,678,987,748,421,297,1668,2010,2273,1285,653,262,291,818,1552,2038,2410,2387,2203,1948,1643,558,782,519,750,1177,1025,756,733,22458,3,2291,3103,3,26794,7839,18955,4336,16698,5760,51494,61153,13,7.04,9.56,9.36,37.14,34.25,32.83,10.46,8.06,8.72,4.16,3.64,3.68
51,36,117,974156,36117,Wayne                                                                                               ,Wayne County                                                                                        ,93765,87954,3044,245,437,14,819,1252,2263,46430,47335,3158,3767,3979,2282,1197,432,410,1266,2435,3408,4139,4075,3551,3215,2405,781,1073,697,905,1305,917,600,433,3016,3586,3763,2164,1016,440,428,1222,2534,3408,4137,4082,3507,3160,2441,786,1103,676,1005,1502,1320,1025,1014,34908,3,3362,4452,3,38767,14325,24442,3859,27097,7811,51597,63553,11.9,7.68,8.12,5.99,45.88,41.67,39.45,11.66,8.85,9.37,7.71,7.31,8.11
78,36,119,974157,36119,Westchester                                                                                         ,Westchester County                                                                                  ,923459,658858,131132,2343,41367,371,61227,28161,144124,441722,481737,32784,34853,32933,18308,10019,4560,4513,14300,26851,33139,38497,37348,32654,29342,22434,7467,10065,6171,9072,14185,10723,6524,4980,31458,33140,30824,16497,9539,4602,4596,14391,27883,35594,41312,39876,35512,32490,25876,8893,11945,7508,11288,18561,15806,11467,12679,337142,3,31882,54714,3,349445,337578,11867,12303,202673,134469,83422,133325,9.6,13.15,15.04,14.23,59,63.31,59.89,12.73,10.74,11.5,12.26,9.7,10.97
31,36,121,974158,36121,Wyoming                                                                                             ,Wyoming County                                                                                      ,43424,39880,2395,116,161,10,572,290,1278,23535,19889,1161,1490,1686,1046,607,252,257,997,1835,2136,2396,2163,1886,1451,1072,379,506,268,401,569,485,299,193,1120,1425,1531,985,488,204,184,552,1072,1314,1671,1663,1477,1299,1020,346,456,299,431,720,649,504,479,14906,3,1580,1873,3,16940,6149,10791,2034,11426,3480,53012,61921,10.2,14.26,12.65,8.94,40.91,37.49,33.87,12.71,9.93,10.26,11.67,9.54,9.99
10,36,123,974159,36123,Yates                                                                                               ,Yates County                                                                                        ,24621,24103,139,36,69,4,88,182,228,12016,12605,859,967,955,620,404,178,137,334,527,667,856,924,815,825,684,232,350,209,293,465,347,214,154,774,896,891,606,516,211,161,346,590,686,908,916,920,759,696,231,363,222,312,535,426,309,331,9029,3,933,1287,3,12064,2938,9126,3035,6960,2069,50061,66161,15.4,50.14,49.55,40.42,50.14,49.55,40.42,11.3,8.67,9.15,9.79,8.26,8.21
